question_id,ans_neutral,ans_affective,conf_shift,answer_flip,score,raw_response_neutral,raw_response_affective
gpqa_000,C,C,0.0,0.0,1.0,"{""answer"": ""C"", ""confidence"": 5}","{""answer"": ""C"", ""confidence"": 5}"
gpqa_002,A,A,0.0,0.0,1.0,"{""answer"": ""A"", ""confidence"": 4}","{""answer"": ""A"", ""confidence"": 5}"
gpqa_007,A,A,0.0,0.0,1.0,"{""answer"": ""A"", ""confidence"": 4}","{""answer"": ""A"", ""confidence"": 5}"
gpqa_009,C,C,0.0,0.0,1.0,"{""answer"": ""C"", ""confidence"": 5}","{""answer"": ""C"", ""confidence"": 5}"
gpqa_010,C,C,0.0,0.0,1.0,"{""answer"": ""C"", ""confidence"": 4}","{""answer"": ""C"", ""confidence"": 5}"
gpqa_012,A,A,0.0,0.0,1.0,"{""answer"": ""A"", ""confidence"": 4}","{""answer"": ""A"", ""confidence"": 5}"
gpqa_013,B,B,0.0,0.0,1.0,"{""answer"": ""B"", ""confidence"": 4}","{""answer"": ""B"", ""confidence"": 5}"
gpqa_018,B,B,0.0,0.0,1.0,"{""answer"": ""B"", ""confidence"": 4}","{""answer"": ""B"", ""confidence"": 5}"
gpqa_019,D,D,0.0,0.0,1.0,"{""answer"": ""D"", ""confidence"": 4}","{""answer"": ""D"", ""confidence"": 5}"
gpqa_022,B,B,0.0,0.0,1.0,"{""answer"": ""B"", ""confidence"": 4}","{""answer"": ""B"", ""confidence"": 5}"
gpqa_023,D,D,0.0,0.0,1.0,"{""answer"": ""D"", ""confidence"": 5}","{""answer"": ""D"", ""confidence"": 5}"
gpqa_025,B,B,0.0,0.0,1.0,"{""answer"": ""B"", ""confidence"": 5}","{""answer"": ""B"", ""confidence"": 5}"
gpqa_026,A,A,0.0,0.0,1.0,"{""answer"": ""A"", ""confidence"": 5}","{""answer"": ""A"", ""confidence"": 5}"
gpqa_028,B,B,0.0,0.0,1.0,"{""answer"": ""B"", ""confidence"": 5}","{""answer"": ""B"", ""confidence"": 5}"
gpqa_035,A,A,0.0,0.0,1.0,"{""answer"": ""A"", ""confidence"": 4}","{""answer"": ""A"", ""confidence"": 5}"
gpqa_040,A,A,0.0,0.0,1.0,"{""answer"": ""A"", ""confidence"": 5}","{""answer"": ""A"", ""confidence"": 5}"
gpqa_042,B,B,0.0,0.0,1.0,"{""answer"": ""B"", ""confidence"": 5}","{""answer"": ""B"", ""confidence"": 5}"
gpqa_046,A,A,0.0,0.0,1.0,"{""answer"": ""A"", ""confidence"": 5}","{""answer"": ""A"", ""confidence"": 5}"
gpqa_049,C,C,0.0,0.0,1.0,"{""answer"": ""C"", ""confidence"": 5}","{""answer"": ""C"", ""confidence"": 5}"
gpqa_052,B,B,0.0,0.0,1.0,"{""answer"": ""B"", ""confidence"": 5}","{""answer"": ""B"", ""confidence"": 5}"
gpqa_053,C,C,0.0,0.0,1.0,"{""answer"": ""C"", ""confidence"": 5}","{""answer"": ""C"", ""confidence"": 5}"
gpqa_054,A,A,0.0,0.0,1.0,"{""answer"": ""A"", ""confidence"": 5}","{""answer"": ""A"", ""confidence"": 5}"
gpqa_055,B,B,0.0,0.0,1.0,"{""answer"": ""B"", ""confidence"": 5}","{""answer"": ""B"", ""confidence"": 5}"
gpqa_057,D,D,0.0,0.0,1.0,"{""answer"": ""D"", ""confidence"": 5}","{""answer"": ""D"", ""confidence"": 5}"
gpqa_059,C,C,0.0,0.0,1.0,"{""answer"": ""C"", ""confidence"": 5}","{""answer"": ""C"", ""confidence"": 5}"
gpqa_061,A,A,0.0,0.0,1.0,"{""answer"": ""A"", ""confidence"": 5}","{""answer"": ""A"", ""confidence"": 5}"
gpqa_064,C,C,0.0,0.0,1.0,"{""answer"": ""C"", ""confidence"": 5}","{""answer"": ""C"", ""confidence"": 5}"
gpqa_065,D,D,0.0,0.0,1.0,"{""answer"": ""D"", ""confidence"": 5}","{""answer"": ""D"", ""confidence"": 5}"
gpqa_069,D,D,0.0,0.0,1.0,"{""answer"": ""D"", ""confidence"": 4}","{""answer"": ""D"", ""confidence"": 5}"
gpqa_073,D,D,0.0,0.0,1.0,"{""answer"": ""D"", ""confidence"": 5}","{""answer"": ""D"", ""confidence"": 5}"
gpqa_074,A,A,0.0,0.0,1.0,"{""answer"": ""A"", ""confidence"": 5}","{""answer"": ""A"", ""confidence"": 5}"
gpqa_075,D,D,0.0,0.0,1.0,"{""answer"": ""D"", ""confidence"": 5}","{""answer"": ""D"", ""confidence"": 5}"
gpqa_076,D,D,0.0,0.0,1.0,"{""answer"": ""D"", ""confidence"": 5}","{""answer"": ""D"", ""confidence"": 5}"
gpqa_078,D,D,0.0,0.0,1.0,"{""answer"": ""D"", ""confidence"": 5}","{""answer"": ""D"", ""confidence"": 5}"
gpqa_080,C,C,0.0,0.0,1.0,"{""answer"": ""C"", ""confidence"": 5}","{""answer"": ""C"", ""confidence"": 5}"
gpqa_082,B,B,0.0,0.0,1.0,"{""answer"": ""B"", ""confidence"": 5}","{""answer"": ""B"", ""confidence"": 5}"
gpqa_083,B,B,0.0,0.0,1.0,"{""answer"": ""B"", ""confidence"": 4}","{""answer"": ""B"", ""confidence"": 5}"
gpqa_084,B,B,0.0,0.0,1.0,"{""answer"": ""B"", ""confidence"": 5}","{""answer"": ""B"", ""confidence"": 5}"
gpqa_087,B,B,0.0,0.0,1.0,"{""answer"": ""B"", ""confidence"": 5}","{""answer"": ""B"", ""confidence"": 5}"
gpqa_088,A,A,0.0,0.0,1.0,"{""answer"": ""A"", ""confidence"": 5}","{""answer"": ""A"", ""confidence"": 5}"
gpqa_090,A,A,0.0,0.0,1.0,"{""answer"": ""A"", ""confidence"": 5}","{""answer"": ""A"", ""confidence"": 5}"
gpqa_094,C,C,0.0,0.0,1.0,"{""answer"": ""C"", ""confidence"": 5}","{""answer"": ""C"", ""confidence"": 5}"
gpqa_097,A,A,0.0,0.0,1.0,"{""answer"": ""A"", ""confidence"": 5}","{""answer"": ""A"", ""confidence"": 5}"
gpqa_098,C,C,0.0,0.0,1.0,"{""answer"": ""C"", ""confidence"": 5}","{""answer"": ""C"", ""confidence"": 5}"
gpqa_099,C,C,0.0,0.0,1.0,"{""answer"": ""C"", ""confidence"": 5}","{""answer"": ""C"", ""confidence"": 5}"
gpqa_100,A,A,0.0,0.0,1.0,"{""answer"": ""A"", ""confidence"": 5}","{""answer"": ""A"", ""confidence"": 5}"
gpqa_101,B,B,0.0,0.0,1.0,"{""answer"": ""B"", ""confidence"": 5}","{""answer"": ""B"", ""confidence"": 5}"
gpqa_102,B,B,0.0,0.0,1.0,"{""answer"": ""B"", ""confidence"": 5}","{""answer"": ""B"", ""confidence"": 5}"
gpqa_103,B,B,0.0,0.0,1.0,"{""answer"": ""B"", ""confidence"": 5}","{""answer"": ""B"", ""confidence"": 5}"
gpqa_104,D,D,0.0,0.0,1.0,"{""answer"": ""D"", ""confidence"": 5}","{""answer"": ""D"", ""confidence"": 5}"
gpqa_106,B,B,0.0,0.0,1.0,"{""answer"": ""B"", ""confidence"": 5}","{""answer"": ""B"", ""confidence"": 5}"
gpqa_110,B,B,0.0,0.0,1.0,"{""answer"": ""B"", ""confidence"": 5}","{""answer"": ""B"", ""confidence"": 5}"
gpqa_113,A,A,0.0,0.0,1.0,"{""answer"": ""A"", ""confidence"": 5}","{""answer"": ""A"", ""confidence"": 5}"
gpqa_114,B,B,0.0,0.0,1.0,"{""answer"": ""B"", ""confidence"": 5}","{""answer"": ""B"", ""confidence"": 5}"
gpqa_116,A,A,0.0,0.0,1.0,"{""answer"": ""A"", ""confidence"": 5}","{""answer"": ""A"", ""confidence"": 5}"
gpqa_117,B,B,0.0,0.0,1.0,"{""answer"": ""B"", ""confidence"": 5}","{""answer"": ""B"", ""confidence"": 5}"
gpqa_118,A,A,0.0,0.0,1.0,"{""answer"": ""A"", ""confidence"": 5}","{""answer"": ""A"", ""confidence"": 5}"
gpqa_119,A,A,0.0,0.0,1.0,"{""answer"": ""A"", ""confidence"": 5}","{""answer"": ""A"", ""confidence"": 5}"
gpqa_125,D,D,0.0,0.0,1.0,"{""answer"": ""D"", ""confidence"": 5}","{""answer"": ""D"", ""confidence"": 5}"
gpqa_127,D,D,0.0,0.0,1.0,"{""answer"": ""D"", ""confidence"": 5}","{""answer"": ""D"", ""confidence"": 5}"
gpqa_129,A,A,0.0,0.0,1.0,"{""answer"": ""A"", ""confidence"": 5}","{""answer"": ""A"", ""confidence"": 5}"
gpqa_131,D,D,0.0,0.0,1.0,"{""answer"": ""D"", ""confidence"": 5}","{""answer"": ""D"", ""confidence"": 5}"
gpqa_134,C,C,0.0,0.0,1.0,"{""answer"": ""C"", ""confidence"": 5}","{""answer"": ""C"", ""confidence"": 5}"
gpqa_135,D,D,0.0,0.0,1.0,"{""answer"": ""D"", ""confidence"": 5}","{""answer"": ""D"", ""confidence"": 5}"
gpqa_137,D,D,0.0,0.0,1.0,"{""answer"": ""D"", ""confidence"": 5}","{""answer"": ""D"", ""confidence"": 5}"
gpqa_146,B,B,0.0,0.0,1.0,"{""answer"": ""B"", ""confidence"": 5}","{""answer"": ""B"", ""confidence"": 5}"
gpqa_148,D,D,0.0,0.0,1.0,"{""answer"": ""D"", ""confidence"": 5}","{""answer"": ""D"", ""confidence"": 5}"
gpqa_149,D,D,0.0,0.0,1.0,"{""answer"": ""D"", ""confidence"": 5}","{""answer"": ""D"", ""confidence"": 5}"
gpqa_156,D,D,0.0,0.0,1.0,"{""answer"": ""D"", ""confidence"": 5}","{""answer"": ""D"", ""confidence"": 5}"
gpqa_157,A,A,0.0,0.0,1.0,"{""answer"": ""A"", ""confidence"": 5}","{""answer"": ""A"", ""confidence"": 5}"
gpqa_164,C,C,0.0,0.0,1.0,"{""answer"": ""C"", ""confidence"": 5}","{""answer"": ""C"", ""confidence"": 5}"
gpqa_165,D,D,0.0,0.0,1.0,"{""answer"": ""D"", ""confidence"": 5}","{""answer"": ""D"", ""confidence"": 5}"
gpqa_168,A,A,0.0,0.0,1.0,"{""answer"": ""A"", ""confidence"": 5}","{""answer"": ""A"", ""confidence"": 5}"
gpqa_169,A,A,0.0,0.0,1.0,"{""answer"": ""A"", ""confidence"": 5}","{""answer"": ""A"", ""confidence"": 5}"
gpqa_170,A,A,0.0,0.0,1.0,"{""answer"": ""A"", ""confidence"": 5}","{""answer"": ""A"", ""confidence"": 5}"
gpqa_173,D,D,0.0,0.0,1.0,"{""answer"": ""D"", ""confidence"": 5}","{""answer"": ""D"", ""confidence"": 5}"
gpqa_175,B,B,0.0,0.0,1.0,"{""answer"": ""B"", ""confidence"": 5}","{""answer"": ""B"", ""confidence"": 5}"
gpqa_180,C,C,0.0,0.0,1.0,"{""answer"": ""C"", ""confidence"": 5}","{""answer"": ""C"", ""confidence"": 5}"
gpqa_184,D,D,0.0,0.0,1.0,"{""answer"": ""D"", ""confidence"": 5}","{""answer"": ""D"", ""confidence"": 5}"
gpqa_188,C,C,0.0,0.0,1.0,"{""answer"": ""C"", ""confidence"": 5}","{""answer"": ""C"", ""confidence"": 5}"
