question_id,choice,answer,score,raw_response
gpqa_000,ANSWER,C,1.0,"{""choice"": ""ANSWER"", ""answer"": ""C"", ""confidence"": 4}"
gpqa_002,ANSWER,D,0.0,"{""choice"": ""ANSWER"", ""answer"": ""D"", ""confidence"": 4}"
gpqa_007,ANSWER,B,1.0,"{""choice"": ""ANSWER"", ""answer"": ""B"", ""confidence"": 4}"
gpqa_009,ANSWER,C,0.0,"{""choice"": ""ANSWER"", ""answer"": ""C"", ""confidence"": 4}"
gpqa_010,ANSWER,C,1.0,"{""choice"": ""ANSWER"", ""answer"": ""C"", ""confidence"": 4}"
gpqa_012,ANSWER,C,0.0,"{""choice"": ""ANSWER"", ""answer"": ""C"", ""confidence"": 4}"
gpqa_013,ANSWER,B,1.0,"{""choice"": ""ANSWER"", ""answer"": ""B"", ""confidence"": 4}"
gpqa_018,ANSWER,B,0.0,"{""choice"": ""ANSWER"", ""answer"": ""B"", ""confidence"": 4}"
gpqa_019,ANSWER,D,1.0,"{""choice"": ""ANSWER"", ""answer"": ""D"", ""confidence"": 4}"
gpqa_022,ANSWER,B,1.0,"{""choice"": ""ANSWER"", ""answer"": ""B"", ""confidence"": 4}"
gpqa_023,ANSWER,D,0.0,"{""choice"": ""ANSWER"", ""answer"": ""D"", ""confidence"": 4}"
gpqa_025,ANSWER,B,1.0,"{""choice"": ""ANSWER"", ""answer"": ""B"", ""confidence"": 4}"
gpqa_026,ANSWER,B,0.0,"{""choice"": ""ANSWER"", ""answer"": ""B"", ""confidence"": 4}"
gpqa_028,ANSWER,B,0.0,"{""choice"": ""ANSWER"", ""answer"": ""B"", ""confidence"": 4}"
gpqa_035,ANSWER,C,1.0,"{""choice"": ""ANSWER"", ""answer"": ""C"", ""confidence"": 4}"
gpqa_040,ANSWER,D,0.0,"{""choice"": ""ANSWER"", ""answer"": ""D"", ""confidence"": 4}"
gpqa_042,ANSWER,B,0.0,"{""choice"": ""ANSWER"", ""answer"": ""B"", ""confidence"": 4}"
gpqa_046,ANSWER,A,1.0,"{""choice"": ""ANSWER"", ""answer"": ""A"", ""confidence"": 4}"
gpqa_049,ANSWER,C,1.0,"{""choice"": ""ANSWER"", ""answer"": ""C"", ""confidence"": 4}"
gpqa_052,ANSWER,D,0.0,"{""choice"": ""ANSWER"", ""answer"": ""D"", ""confidence"": 4}"
gpqa_053,ANSWER,C,1.0,"{""choice"": ""ANSWER"", ""answer"": ""C"", ""confidence"": 4}"
gpqa_054,ANSWER,A,1.0,"{""choice"": ""ANSWER"", ""answer"": ""A"", ""confidence"": 4}"
gpqa_055,ANSWER,B,1.0,"{""choice"": ""ANSWER"", ""answer"": ""B"", ""confidence"": 4}"
gpqa_057,ANSWER,D,0.0,"{""choice"": ""ANSWER"", ""answer"": ""D"", ""confidence"": 4}"
gpqa_059,ANSWER,C,0.0,"{""choice"": ""ANSWER"", ""answer"": ""C"", ""confidence"": 4}"
gpqa_061,ANSWER,D,0.0,"{""choice"": ""ANSWER"", ""answer"": ""D"", ""confidence"": 4}"
gpqa_064,ANSWER,C,0.0,"{""choice"": ""ANSWER"", ""answer"": ""C"", ""confidence"": 4}"
gpqa_065,ANSWER,D,1.0,"{""choice"": ""ANSWER"", ""answer"": ""D"", ""confidence"": 4}"
gpqa_069,ANSWER,D,1.0,"{""choice"": ""ANSWER"", ""answer"": ""D"", ""confidence"": 4}"
gpqa_073,ANSWER,D,0.0,"{""choice"": ""ANSWER"", ""answer"": ""D"", ""confidence"": 4}"
gpqa_074,ANSWER,A,1.0,"{""choice"": ""ANSWER"", ""answer"": ""A"", ""confidence"": 4}"
gpqa_075,ANSWER,D,0.0,"{""choice"": ""ANSWER"", ""answer"": ""D"", ""confidence"": 4}"
gpqa_076,ANSWER,D,0.0,"{""choice"": ""ANSWER"", ""answer"": ""D"", ""confidence"": 4}"
gpqa_078,ANSWER,C,0.0,"{""choice"": ""ANSWER"", ""answer"": ""C"", ""confidence"": 4}"
gpqa_080,ANSWER,C,1.0,"{""choice"": ""ANSWER"", ""answer"": ""C"", ""confidence"": 4}"
gpqa_082,ANSWER,B,1.0,"{""choice"": ""ANSWER"", ""answer"": ""B"", ""confidence"": 4}"
gpqa_083,ANSWER,B,1.0,"{""choice"": ""ANSWER"", ""answer"": ""B"", ""confidence"": 4}"
gpqa_084,ANSWER,A,1.0,"{""choice"": ""ANSWER"", ""answer"": ""A"", ""confidence"": 4}"
gpqa_087,ANSWER,B,1.0,"{""choice"": ""ANSWER"", ""answer"": ""B"", ""confidence"": 4}"
gpqa_088,ANSWER,B,0.0,"{""choice"": ""ANSWER"", ""answer"": ""B"", ""confidence"": 4}"
gpqa_090,ANSWER,A,1.0,"{""choice"": ""ANSWER"", ""answer"": ""A"", ""confidence"": 4}"
gpqa_094,ANSWER,D,0.0,"{""choice"": ""ANSWER"", ""answer"": ""D"", ""confidence"": 4}"
gpqa_097,ANSWER,A,0.0,"{""choice"": ""ANSWER"", ""answer"": ""A"", ""confidence"": 4}"
gpqa_098,ANSWER,C,0.0,"{""choice"": ""ANSWER"", ""answer"": ""C"", ""confidence"": 4}"
gpqa_099,ANSWER,B,0.0,"{""choice"": ""ANSWER"", ""answer"": ""B"", ""confidence"": 4}"
gpqa_100,ANSWER,A,1.0,"{""choice"": ""ANSWER"", ""answer"": ""A"", ""confidence"": 4}"
gpqa_101,ANSWER,C,1.0,"{""choice"": ""ANSWER"", ""answer"": ""C"", ""confidence"": 4}"
gpqa_102,ANSWER,B,0.0,"{""choice"": ""ANSWER"", ""answer"": ""B"", ""confidence"": 4}"
gpqa_103,ANSWER,D,0.0,"{""choice"": ""ANSWER"", ""answer"": ""D"", ""confidence"": 4}"
gpqa_104,ANSWER,D,0.0,"{""choice"": ""ANSWER"", ""answer"": ""D"", ""confidence"": 4}"
gpqa_106,ANSWER,B,0.0,"{""choice"": ""ANSWER"", ""answer"": ""B"", ""confidence"": 4}"
gpqa_110,ANSWER,A,1.0,"{""choice"": ""ANSWER"", ""answer"": ""A"", ""confidence"": 4}"
gpqa_113,ANSWER,D,0.0,"{""choice"": ""ANSWER"", ""answer"": ""D"", ""confidence"": 4}"
gpqa_114,ANSWER,D,0.0,"{""choice"": ""ANSWER"", ""answer"": ""D"", ""confidence"": 4}"
gpqa_116,ANSWER,A,1.0,"{""choice"": ""ANSWER"", ""answer"": ""A"", ""confidence"": 4}"
gpqa_117,ANSWER,B,1.0,"{""choice"": ""ANSWER"", ""answer"": ""B"", ""confidence"": 4}"
gpqa_118,ANSWER,A,1.0,"{""choice"": ""ANSWER"", ""answer"": ""A"", ""confidence"": 4}"
gpqa_119,ANSWER,D,0.0,"{""choice"": ""ANSWER"", ""answer"": ""D"", ""confidence"": 4}"
gpqa_125,ANSWER,C,0.0,"{""choice"": ""ANSWER"", ""answer"": ""C"", ""confidence"": 4}"
gpqa_127,ANSWER,D,0.0,"{""choice"": ""ANSWER"", ""answer"": ""D"", ""confidence"": 4}"
gpqa_129,ANSWER,B,0.0,"{""choice"": ""ANSWER"", ""answer"": ""B"", ""confidence"": 4}"
gpqa_131,ANSWER,D,0.0,"{""choice"": ""ANSWER"", ""answer"": ""D"", ""confidence"": 4}"
gpqa_134,ANSWER,C,1.0,"{""choice"": ""ANSWER"", ""answer"": ""C"", ""confidence"": 4}"
gpqa_135,ANSWER,D,1.0,"{""choice"": ""ANSWER"", ""answer"": ""D"", ""confidence"": 4}"
gpqa_137,ANSWER,A,1.0,"{""choice"": ""ANSWER"", ""answer"": ""A"", ""confidence"": 4}"
gpqa_146,ANSWER,D,0.0,"{""choice"": ""ANSWER"", ""answer"": ""D"", ""confidence"": 4}"
gpqa_148,ANSWER,B,0.0,"{""choice"": ""ANSWER"", ""answer"": ""B"", ""confidence"": 4}"
gpqa_149,ANSWER,D,1.0,"{""choice"": ""ANSWER"", ""answer"": ""D"", ""confidence"": 4}"
gpqa_156,ANSWER,D,1.0,"{""choice"": ""ANSWER"", ""answer"": ""D"", ""confidence"": 4}"
gpqa_157,ANSWER,A,0.0,"{""choice"": ""ANSWER"", ""answer"": ""A"", ""confidence"": 4}"
gpqa_164,ANSWER,A,0.0,"{""choice"": ""ANSWER"", ""answer"": ""A"", ""confidence"": 4}"
gpqa_165,ANSWER,D,1.0,"{""choice"": ""ANSWER"", ""answer"": ""D"", ""confidence"": 4}"
gpqa_168,ANSWER,A,0.0,"{""choice"": ""ANSWER"", ""answer"": ""A"", ""confidence"": 4}"
gpqa_169,ANSWER,C,1.0,"{""choice"": ""ANSWER"", ""answer"": ""C"", ""confidence"": 4}"
gpqa_170,ANSWER,D,0.0,"{""choice"": ""ANSWER"", ""answer"": ""D"", ""confidence"": 4}"
gpqa_173,ANSWER,D,0.0,"{""choice"": ""ANSWER"", ""answer"": ""D"", ""confidence"": 4}"
gpqa_175,ANSWER,B,1.0,"{""choice"": ""ANSWER"", ""answer"": ""B"", ""confidence"": 4}"
gpqa_180,ANSWER,C,0.0,"{""choice"": ""ANSWER"", ""answer"": ""C"", ""confidence"": 4}"
gpqa_184,ANSWER,D,1.0,"{""choice"": ""ANSWER"", ""answer"": ""D"", ""confidence"": 4}"
gpqa_188,ANSWER,C,1.0,"{""choice"": ""ANSWER"", ""answer"": ""C"", ""confidence"": 4}"
